{"strumLength":2,"overrideMeta":{"speed":1.2,"stage":null,"bpm":150,"channels":["Inst","Voices"],"characters":{"opponents":["pico"],"players":["bf"],"spectators":["gf"]}},"playerControllers":[1],"notes":[[3799.99976,2,0,0,0],[4600,0,0,0,0],[5000,0,0,0,0],[5400,2,0,0,0],[6200,0,0,0,0],[6999.99951,2,0,0,0],[7799.99951,0,0,0,0],[8200,0,0,0,0],[8600,2,0,0,0],[9400,0,0,0,0],[10200,2,1,0,0],[11000,0,1,0,0],[11400,0,1,0,0],[11800,2,1,0,0],[12600,0,1,0,0],[13399.999,2,1,0,0],[14199.999,0,1,0,0],[14599.999,0,1,0,0],[14999.999,2,1,0,0],[15799.999,0,1,0,0],[16199.999,2,0,0,0],[16800,3,0,0,0],[17200,1,0,0,0],[17800,3,0,0,0],[18400,2,0,0,0],[18800,1,0,0,0],[19400,3,0,0,0],[20000,2,0,0,0],[20400,1,0,0,0],[21000,2,0,0,0],[21600,3,0,0,0],[22000,1,0,0,0],[22600,2,1,0,0],[23200,3,1,0,0],[23600,1,1,0,0],[24200,3,1,0,0],[24800,2,1,0,0],[25200,1,1,0,0],[25799.998,3,1,0,0],[26399.998,2,1,0,0],[26799.998,1,1,0,0],[27399.998,2,1,0,0],[27999.998,3,1,0,0],[28399.998,1,1,0,0],[28999.998,0,0,0,0],[29599.998,2,0,0,0],[29999.998,1,0,0,0],[30199.998,3,0,0,0],[30399.998,2,0,0,0],[30599.998,3,0,0,0],[30799.998,3,0,0,0],[31199.998,0,0,0,300],[31599.998,1,0,0,200],[32199.998,3,0,0,0],[32800,3,0,0,0],[33200,2,0,0,0],[33600,0,0,0,0],[34000,3,0,0,0],[34400,2,0,0,300],[34800,1,0,0,300],[35400,0,1,0,0],[36000,2,1,0,0],[36400,1,1,0,0],[36600,3,1,0,0],[36800,2,1,0,0],[37000,3,1,0,0],[37200,3,1,0,0],[37600,0,1,0,300],[38000,1,1,0,200],[38600,3,1,0,0],[39200,3,1,0,0],[39600,2,1,0,0],[40000,0,1,0,0],[40400,3,1,0,0],[40800,2,1,0,300],[41200,1,1,0,300],[41800,2,0,0,0],[42400,3,0,0,0],[42800,1,0,0,0],[43400,2,0,0,0],[44000,3,0,0,0],[44400,1,0,0,0],[45000,3,0,0,0],[45600,2,0,0,0],[46000,1,0,0,0],[46600,2,0,0,0],[47200,3,0,0,0],[47600,1,0,0,0],[48200,2,1,0,0],[48800,3,1,0,0],[49200,1,1,0,0],[49800,2,1,0,0],[50400,3,1,0,0],[50800,1,1,0,0],[51399.9961,3,1,0,0],[51999.9961,2,1,0,0],[52399.9961,1,1,0,0],[52999.9961,2,1,0,0],[53599.9961,3,1,0,0],[53999.9961,1,1,0,0],[54399.9961,2,1,0,200],[54599.9961,2,0,0,0],[54999.9961,3,1,0,0],[55199.9961,3,0,0,0],[55199.9961,1,1,0,0],[55599.9961,1,0,0,0],[55599.9961,3,1,0,0],[55999.9961,0,1,0,0],[56199.9961,0,0,0,0],[56499.9961,0,1,0,0],[56799.9961,3,0,0,0],[56799.9961,1,1,0,200],[57199.9961,2,0,0,0],[57599.9961,2,1,0,200],[57799.9961,3,0,0,0],[58399.9961,2,0,0,0],[58399.9961,1,1,0,0],[58799.9961,1,0,0,0],[58799.9961,3,1,0,0],[59199.9961,0,1,0,0],[59399.9961,0,0,0,0],[59699.9961,0,1,0,0],[59999.9961,3,0,0,0],[60099.9961,2,1,0,0],[60399.9961,2,0,0,0],[60499.9961,0,1,0,0],[60999.9961,2,1,0,0],[61599.9961,3,1,0,0],[61999.9961,1,1,0,0],[62599.9961,0,1,0,0],[63199.9961,3,1,0,0],[63599.9961,2,1,0,0],[64199.9961,3,1,0,0],[64799.9961,2,1,0,0],[65199.9961,1,1,0,0],[65800,0,1,0,0],[66400,3,1,0,0],[66800,2,1,0,0],[67400,0,0,0,0],[68000,2,0,0,0],[68400,1,0,0,0],[68600,3,0,0,0],[68800,2,0,0,0],[69000,3,0,0,0],[69200,3,0,0,0],[69600,0,0,0,300],[70000,1,0,0,200],[70600,3,0,0,0],[71200,3,0,0,0],[71600,2,0,0,0],[72000,0,0,0,0],[72400,3,0,0,0],[72800,2,0,0,300],[73200,1,0,0,300],[73800,0,1,0,0],[74400,2,1,0,0],[74800,1,1,0,0],[75000,3,1,0,0],[75200,2,1,0,0],[75400,3,1,0,0],[75600,3,1,0,0],[76000,0,1,0,300],[76400,1,1,0,200],[77000,3,1,0,0],[77600,3,1,0,0],[78000,2,1,0,0],[78400,0,1,0,0],[78800,3,1,0,0],[79200,2,1,0,300],[79600,1,1,0,300]],"crowIdentifer":0,"noteTypes":[]}