{"strumLength":2,"overrideMeta":{"speed":1,"stage":null,"bpm":144,"channels":["Inst","Voices"],"characters":{"opponents":["senpai"],"players":["bf-pixel"],"spectators":["gf"]}},"playerControllers":[1],"notes":[[0,3,0,0,0],[416.666656,3,0,0,0],[833.3333,2,0,0,312.5],[1250,1,0,0,208.333328],[1666.66663,3,0,0,416.666656],[2291.6665,1,0,0,833.3333],[3333.33325,3,1,0,0],[3750,3,1,0,0],[4166.6665,2,1,0,312.5],[4583.333,1,1,0,208.333328],[5000,3,1,0,312.5],[5416.6665,2,1,0,0],[5625,3,1,0,312.5],[6041.6665,2,1,0,0],[6250,3,1,0,0],[6666.6665,1,1,0,0],[6666.6665,1,0,0,0],[7083.333,1,1,0,0],[7083.333,1,0,0,0],[7500,2,0,0,312.5],[7500,2,1,0,312.5],[7916.6665,1,1,0,0],[7916.6665,1,0,0,0],[8333.333,0,0,0,312.5],[8333.333,3,1,0,312.5],[8750,1,1,0,0],[8750,1,0,0,0],[8958.333,0,1,0,312.5],[8958.333,3,0,0,312.5],[9375,1,1,0,0],[9375,1,0,0,0],[9583.333,0,1,0,0],[9583.333,3,0,0,0],[10000,3,0,0,0],[10000,0,1,0,0],[10416.666,1,1,0,0],[10416.666,1,0,0,0],[10833.333,0,0,0,0],[10833.333,3,1,0,0],[11250,1,0,0,208.333328],[11250,1,1,0,208.333328],[11666.666,0,0,0,0],[11666.666,3,1,0,0],[12083.333,1,0,0,0],[12083.333,1,1,0,0],[12500,2,0,0,0],[12500,2,1,0,0],[12916.666,3,0,0,0],[12916.666,0,1,0,0],[13125,2,0,0,0],[13125,2,1,0,0],[13750,2,0,0,208.333328],[14166.666,1,0,0,520.8333],[14791.666,3,0,0,625],[15625,2,0,0,0],[16250,1,0,0,208.333328],[16666.666,3,0,0,312.5],[17083.332,1,0,0,0],[17291.666,0,0,0,937.5],[18333.332,1,0,0,416.666656],[18958.332,0,0,0,520.8333],[19583.332,3,0,0,312.5],[20000,1,0,0,416.666656],[20416.666,2,1,0,312.5],[20833.332,1,1,0,520.8333],[21458.332,3,1,0,625],[22291.666,2,1,0,0],[22916.666,1,1,0,208.333328],[23333.332,3,1,0,312.5],[23750,1,1,0,0],[23958.332,0,1,0,937.5],[25000,1,1,0,416.666656],[25625,0,1,0,520.8333],[26250,3,1,0,312.5],[26666.666,0,0,0,0],[26666.666,1,1,0,625],[27083.332,0,0,0,0],[27500,2,0,0,0],[27500,3,1,0,625],[27916.666,3,0,0,0],[28125,0,0,0,0],[28333.332,3,0,0,208.333328],[28333.332,0,1,0,625],[28750,1,0,0,208.333328],[29166.666,2,0,0,0],[29166.666,3,1,0,625],[29583.332,0,0,0,312.5],[30000,3,0,0,0],[30000,2,1,0,625],[30416.666,1,0,0,0],[30625,0,0,0,625],[30833.332,3,1,0,625],[31458.332,3,0,0,416.666656],[31666.666,0,1,0,625],[32083.332,1,0,0,0],[32291.666,3,0,0,0],[32500,1,1,0,625],[32708.332,0,0,0,0],[32916.6641,1,0,0,208.333328],[33333.332,0,1,0,0],[33750,0,1,0,0],[34166.6641,2,1,0,0],[34583.332,3,1,0,0],[34791.6641,0,1,0,0],[35000,3,1,0,208.333328],[35416.6641,1,1,0,208.333328],[35833.332,2,1,0,0],[36250,0,1,0,312.5],[36666.6641,3,1,0,0],[37083.332,1,1,0,0],[37291.6641,0,1,0,625],[38125,3,1,0,416.666656],[38750,1,1,0,0],[38958.332,3,1,0,0],[39375,0,1,0,0],[39583.332,1,1,0,208.333328],[40000,2,0,0,312.5],[40000,2,1,0,416.666656],[40416.6641,0,0,0,0],[40833.332,3,0,0,312.5],[41250,1,0,0,0],[41458.332,0,0,0,625],[42291.6641,1,0,0,312.5],[42708.332,3,0,0,312.5],[43125,0,0,0,0],[43333.332,3,0,0,312.5],[43750,0,0,0,0],[43958.332,2,0,0,312.5],[44375,0,0,0,0],[45000,3,0,0,0],[45416.6641,3,0,0,0],[45833.332,3,0,0,0],[46041.6641,2,0,0,0],[46250,3,0,0,0],[46458.332,0,0,0,0],[46666.6641,2,1,0,312.5],[47083.332,0,1,0,0],[47500,3,1,0,312.5],[47916.6641,1,1,0,0],[48125,0,1,0,625],[48958.332,1,1,0,312.5],[49375,3,1,0,312.5],[49791.6641,0,1,0,0],[50000,3,1,0,312.5],[50416.6641,0,1,0,0],[50625,2,1,0,312.5],[51041.6641,0,1,0,0],[51666.6641,3,1,0,0],[52083.332,3,1,0,0],[52500,3,1,0,0],[52708.332,2,1,0,0],[52916.6641,3,1,0,0],[53125,0,1,0,0],[53333.332,3,0,0,0],[53333.332,3,1,0,416.666656],[53750,3,0,0,0],[54166.6641,2,0,0,312.5],[54583.332,1,0,0,208.333328],[55000,3,0,0,416.666656],[55625,1,0,0,833.3333],[56666.6641,3,1,0,0],[57083.332,3,1,0,0],[57500,2,1,0,312.5],[57916.6641,1,1,0,208.333328],[58333.332,3,1,0,312.5],[58750,2,1,0,0],[58958.332,3,1,0,312.5],[59375,2,1,0,0],[59583.332,3,1,0,0],[60000,1,1,0,0],[60000,1,0,0,0],[60416.6641,1,1,0,0],[60416.6641,1,0,0,0],[60833.332,2,0,0,312.5],[60833.332,2,1,0,312.5],[61250,1,1,0,0],[61250,1,0,0,0],[61666.6641,0,0,0,312.5],[61666.6641,3,1,0,312.5],[62083.332,1,1,0,0],[62083.332,1,0,0,0],[62291.6641,0,1,0,312.5],[62291.6641,3,0,0,312.5],[62708.332,1,1,0,0],[62708.332,1,0,0,0],[62916.6641,0,1,0,0],[62916.6641,3,0,0,0],[63333.332,3,0,0,0],[63333.332,0,1,0,0],[63750,1,1,0,0],[63750,1,0,0,0],[64166.6641,0,0,0,0],[64166.6641,3,1,0,0],[64583.332,1,0,0,208.333328],[64583.332,1,1,0,208.333328],[65000,0,0,0,0],[65000,3,1,0,0],[65416.6641,1,0,0,0],[65416.6641,1,1,0,0],[65833.33,2,0,0,0],[65833.33,2,1,0,0],[66250,3,0,0,0],[66250,0,1,0,0],[66458.33,2,0,0,0],[66458.33,2,1,0,0],[66666.6641,1,0,0,0],[67083.33,0,0,0,0],[67500,1,0,0,0],[67916.6641,0,0,0,0],[68333.33,1,0,0,0],[68750,0,0,0,0],[69166.6641,2,0,0,0],[69375,3,0,0,0],[69583.33,0,0,0,0],[70000,1,1,0,0],[70416.6641,0,1,0,0],[70833.33,1,1,0,0],[71250,0,1,0,0],[71666.6641,1,1,0,0],[72083.33,0,1,0,0],[72500,2,1,0,0],[72708.33,3,1,0,0],[72916.6641,0,1,0,0],[73333.33,0,0,0,0],[73750,1,0,0,0],[73958.33,3,0,0,0],[74166.6641,0,0,0,0],[74583.33,1,0,0,0],[74791.6641,3,0,0,0],[75000,0,0,0,0],[75416.6641,1,0,0,0],[75625,3,0,0,0],[75833.33,2,0,0,0],[76041.6641,3,0,0,0],[76250,0,0,0,0],[76666.6641,0,1,0,0],[77083.33,1,1,0,0],[77291.6641,3,1,0,0],[77500,0,1,0,0],[77916.6641,1,1,0,0],[78125,3,1,0,0],[78333.33,0,1,0,0],[78750,1,1,0,0],[78958.33,3,1,0,0],[79166.6641,2,1,0,0],[79375,3,1,0,0],[79583.33,0,1,0,0],[80000,2,0,0,312.5],[80000,2,1,0,312.5],[80416.6641,0,0,0,0],[80833.33,3,0,0,312.5],[81250,1,0,0,0],[81458.33,0,0,0,625],[82291.6641,1,0,0,312.5],[82708.33,3,0,0,312.5],[83125,0,0,0,0],[83333.33,3,0,0,312.5],[83750,0,0,0,0],[83958.33,2,0,0,312.5],[84375,0,0,0,0],[85000,3,0,0,0],[85416.6641,3,0,0,0],[85833.33,3,0,0,0],[86041.6641,2,0,0,0],[86250,3,0,0,0],[86458.33,0,0,0,0],[86666.6641,2,1,0,312.5],[87083.33,0,1,0,0],[87500,3,1,0,312.5],[87916.6641,1,1,0,0],[88125,0,1,0,625],[88958.33,1,1,0,312.5],[89375,3,1,0,312.5],[89791.6641,0,1,0,0],[90000,3,1,0,312.5],[90416.6641,0,1,0,0],[90625,2,1,0,312.5],[91041.6641,0,1,0,0],[91666.6641,3,1,0,0],[92083.33,3,1,0,0],[92500,3,1,0,0],[92708.33,2,1,0,0],[92916.6641,3,1,0,0],[93125,0,1,0,0],[93333.33,1,0,0,833.3333],[93333.33,3,1,0,833.3333]],"crowIdentifer":0,"noteTypes":[]}