{"strumLength":2,"overrideMeta":{"speed":1.4,"stage":null,"bpm":180,"channels":["Inst","Voices"],"characters":{"opponents":["mom-car"],"players":["bf-car"],"spectators":["gf"]}},"playerControllers":[1],"notes":[[2666.66675,1,0,0,0],[3333.3335,1,0,0,0],[3583.3335,2,0,0,166.666672],[3833.3335,1,0,0,0],[4166.667,1,0,0,0],[4500,1,0,0,0],[4666.667,3,0,0,0],[5000,0,0,0,0],[5333.3335,1,0,0,0],[6000,1,0,0,0],[6250,2,0,0,166.666672],[6500,1,0,0,0],[6833.3335,1,0,0,0],[7166.667,1,0,0,0],[7333.3335,3,0,0,0],[7666.667,0,0,0,0],[8000,1,1,0,0],[8666.667,1,1,0,0],[8916.667,2,1,0,166.666672],[9166.667,1,1,0,0],[9500,1,1,0,0],[9833.334,1,1,0,0],[10000,3,1,0,0],[10333.334,0,1,0,0],[10666.667,1,1,0,0],[11333.334,1,1,0,0],[11583.334,2,1,0,166.666672],[11833.334,1,1,0,0],[12166.667,1,1,0,0],[12500,1,1,0,0],[12666.667,3,1,0,0],[13000,0,1,0,0],[13333.334,2,0,0,666.6667],[14333.334,1,0,0,0],[14500,3,0,0,500],[15166.667,2,0,0,250],[15500,0,0,0,0],[15833.334,1,0,0,250],[16333.334,1,0,0,250],[16666.668,2,0,0,250],[17000,0,0,0,0],[17333.334,3,0,0,0],[17666.668,0,0,0,0],[18000,3,0,0,0],[18333.334,0,0,0,0],[18666.668,2,1,0,666.6667],[19666.668,1,1,0,0],[19833.334,3,1,0,500],[20500,2,1,0,250],[20833.334,0,1,0,0],[21166.668,1,1,0,250],[21666.668,1,1,0,250],[22000,2,1,0,250],[22333.334,0,1,0,0],[22666.668,3,1,0,0],[23000,0,1,0,0],[23333.334,3,1,0,0],[23666.668,0,1,0,0],[24000,1,0,0,0],[24250,3,0,0,0],[24666.668,1,0,0,0],[24916.668,1,0,0,0],[25166.668,0,0,0,0],[25500,2,0,0,0],[26000,1,0,0,0],[26250,1,0,0,0],[26500,3,0,0,0],[26833.334,0,0,0,0],[27333.334,1,0,0,0],[27583.334,1,0,0,0],[27833.334,2,0,0,250],[28333.334,3,0,0,83.3333359],[28666.668,0,0,0,0],[29000,0,0,0,0],[29333.334,1,1,0,0],[29333.334,2,0,0,333.333344],[29583.334,3,1,0,0],[30000,1,1,0,0],[30250,1,1,0,0],[30500,0,1,0,0],[30833.334,2,1,0,0],[31333.334,1,1,0,0],[31583.334,1,1,0,0],[31833.334,3,1,0,0],[32166.668,0,1,0,0],[32666.668,1,1,0,0],[32916.668,1,1,0,0],[33166.668,2,1,0,250],[33666.668,3,1,0,83.3333359],[34000,0,1,0,0],[34333.3359,0,1,0,0],[34666.668,2,0,0,666.6667],[35666.668,1,0,0,0],[36000,0,0,0,166.666672],[36333.3359,1,0,0,0],[36666.668,2,0,0,166.666672],[37000,0,0,0,0],[37333.3359,2,0,0,0],[37666.668,3,0,0,0],[38000,2,0,0,0],[38333.3359,0,0,0,0],[38666.668,2,0,0,0],[39000,3,0,0,0],[39333.3359,2,0,0,250],[39666.668,1,0,0,250],[40000,2,1,0,666.6667],[41000,1,1,0,0],[41333.3359,0,1,0,166.666672],[41666.668,1,1,0,0],[42000,2,1,0,166.666672],[42333.3359,0,1,0,0],[42666.668,2,1,0,0],[43000,3,1,0,0],[43333.3359,2,1,0,0],[43666.668,0,1,0,0],[44000,2,1,0,0],[44333.3359,3,1,0,0],[44666.668,2,1,0,250],[45000,1,1,0,250],[45333.3359,2,0,0,666.6667],[46333.3359,1,0,0,0],[46500,3,0,0,500],[47166.668,2,0,0,250],[47500,0,0,0,0],[47833.3359,1,0,0,250],[48333.3359,1,0,0,250],[48666.668,2,0,0,250],[49000,0,0,0,0],[49333.3359,3,0,0,0],[49666.668,0,0,0,0],[50000,3,0,0,0],[50333.3359,0,0,0,0],[50666.668,2,1,0,666.6667],[51666.668,1,1,0,0],[51833.3359,3,1,0,500],[52500,2,1,0,250],[52833.3359,0,1,0,0],[53166.668,1,1,0,250],[53666.668,1,1,0,250],[54000,2,1,0,250],[54333.3359,0,1,0,0],[54666.668,3,1,0,0],[55000,0,1,0,0],[55333.3359,3,1,0,0],[55666.668,0,1,0,0],[56000,0,0,0,0],[56333.3359,3,0,0,0],[56500,0,0,0,0],[56833.3359,3,0,0,0],[57000,0,0,0,0],[57333.3359,0,0,0,0],[57666.668,3,0,0,0],[57833.3359,0,0,0,0],[58166.668,3,0,0,0],[58333.3359,0,0,0,0],[58666.668,2,0,0,0],[58833.3359,3,0,0,0],[59000,2,0,0,0],[59166.668,3,0,0,0],[59333.3359,2,0,0,0],[59500,3,0,0,0],[59666.668,2,0,0,0],[59833.3359,3,0,0,0],[60000,2,0,0,0],[60166.668,3,0,0,0],[60333.3359,2,0,0,0],[60500,3,0,0,0],[60666.668,2,0,0,0],[60833.3359,3,0,0,0],[61000,2,0,0,0],[61166.668,3,0,0,0],[61333.3359,0,1,0,0],[61666.668,3,1,0,0],[61833.3359,0,1,0,0],[62166.668,3,1,0,0],[62333.3359,0,1,0,0],[62666.668,0,1,0,0],[63000,3,1,0,0],[63166.668,0,1,0,0],[63500,3,1,0,0],[63666.668,0,1,0,0],[64000,2,1,0,0],[64166.668,3,1,0,0],[64333.3359,2,1,0,0],[64500.0039,3,1,0,0],[64666.668,2,1,0,0],[64833.3359,3,1,0,0],[65000.0039,2,1,0,0],[65166.668,3,1,0,0],[65333.3359,2,1,0,0],[65500.0039,3,1,0,0],[65666.67,2,1,0,0],[65833.3359,3,1,0,0],[66000,2,1,0,0],[66166.67,3,1,0,0],[66333.3359,2,1,0,0],[66500,3,1,0,0],[66666.67,1,0,0,0],[66916.67,3,0,0,0],[67333.3359,1,0,0,0],[67583.3359,1,0,0,0],[67833.3359,0,0,0,0],[68166.67,2,0,0,0],[68666.67,1,0,0,0],[68916.67,1,0,0,0],[69166.67,3,0,0,0],[69500,0,0,0,0],[70000,1,0,0,0],[70250,1,0,0,0],[70500,2,0,0,250],[71000,3,0,0,83.3333359],[71333.3359,0,0,0,0],[71666.67,0,0,0,0],[72000,2,0,0,333.333344],[72000,1,1,0,0],[72250,3,1,0,0],[72666.67,1,1,0,0],[72916.67,1,1,0,0],[73166.67,0,1,0,0],[73500,2,1,0,0],[74000,1,1,0,0],[74250,1,1,0,0],[74500,3,1,0,0],[74833.3359,0,1,0,0],[75333.3359,1,1,0,0],[75583.3359,1,1,0,0],[75833.3359,2,1,0,250],[76333.3359,3,1,0,83.3333359],[76666.67,0,1,0,0],[77000,0,1,0,0],[77333.3359,2,1,0,666.6667],[77333.3359,2,0,0,666.6667],[78333.3359,1,1,0,0],[78333.3359,1,0,0,0],[78666.67,0,1,0,166.666672],[78666.67,0,0,0,166.666672],[79000,1,1,0,0],[79000,1,0,0,0],[79333.3359,2,1,0,166.666672],[79333.3359,2,0,0,166.666672],[79666.67,0,1,0,0],[79666.67,0,0,0,0],[80000,2,1,0,0],[80000,2,0,0,0],[80333.3359,3,1,0,0],[80333.3359,3,0,0,0],[80666.67,2,1,0,0],[80666.67,2,0,0,0],[81000,0,1,0,0],[81000,0,0,0,0],[81333.3359,2,1,0,0],[81333.3359,2,0,0,0],[81666.67,3,1,0,0],[81666.67,3,0,0,0],[82000,2,1,0,250],[82000,2,0,0,250],[82333.3359,1,1,0,250],[82333.3359,1,0,0,250],[82666.67,0,0,0,250],[82666.67,2,1,0,666.6667],[83000,1,0,0,250],[83333.3359,3,0,0,250],[83666.67,1,0,0,250],[83666.67,1,1,0,0],[84000,2,0,0,250],[84000,0,1,0,166.666672],[84333.3359,1,0,0,250],[84333.3359,1,1,0,0],[84666.67,3,0,0,250],[84666.67,2,1,0,166.666672],[85000,1,0,0,250],[85000,0,1,0,0],[85333.3359,1,0,0,250],[85333.3359,2,1,0,0],[85666.67,3,0,0,250],[85666.67,3,1,0,0],[86000,0,0,0,250],[86000,2,1,0,0],[86333.3359,3,0,0,250],[86333.3359,0,1,0,0],[86666.67,2,1,0,0],[86666.67,2,0,0,250],[86833.3359,3,1,0,0],[87000,2,1,0,0],[87000,3,0,0,250],[87166.67,0,1,0,0],[87333.3359,2,1,0,250],[87333.3359,2,0,0,250],[87333.3359,2,1,0,250],[87666.67,1,1,0,250],[87666.67,1,0,0,250],[87666.67,1,1,0,250],[88000,1,0,0,0],[88000,1,1,0,0],[88333.3359,1,0,0,0],[88666.67,1,0,0,0],[89000,2,0,0,0],[89166.67,1,0,0,0],[89500,1,0,0,0],[89833.3359,1,0,0,0],[90166.67,3,0,0,0],[90333.3359,2,0,0,250],[90666.67,1,0,0,0],[91000,1,0,0,0],[91333.3359,1,0,0,0],[91666.67,2,0,0,0],[91833.3359,1,0,0,0],[92166.67,1,0,0,0],[92500,1,0,0,0],[92666.67,3,0,0,0],[92833.3359,1,0,0,0],[93000,3,0,0,0],[93166.67,0,0,0,0],[93333.3359,1,0,0,0],[93333.3359,1,1,0,0],[93666.67,1,0,0,0],[93666.67,1,1,0,0],[94000,1,0,0,0],[94000,1,1,0,0],[94333.3359,2,0,0,0],[94333.3359,2,1,0,0],[94500,1,0,0,0],[94500,1,1,0,0],[94833.3359,1,0,0,0],[94833.3359,1,1,0,0],[95166.67,1,0,0,0],[95166.67,1,1,0,0],[95500,3,0,0,0],[95500,3,1,0,0],[95666.67,2,0,0,250],[95666.67,2,1,0,250],[96000,1,0,0,0],[96000,1,1,0,0],[96333.3359,1,0,0,0],[96333.3359,1,1,0,0],[96666.67,1,0,0,0],[96666.67,1,1,0,0],[97000,2,0,0,0],[97000,2,1,0,0],[97166.67,1,0,0,0],[97166.67,1,1,0,0],[97500,1,0,0,0],[97500,1,1,0,0],[97833.3359,1,0,0,0],[97833.3359,1,1,0,0],[98000,3,0,0,0],[98000,3,1,0,0],[98166.67,1,0,0,0],[98166.67,1,1,0,0],[98333.3359,3,0,0,0],[98333.3359,3,1,0,0],[98500,0,0,0,0],[98500,0,1,0,0],[98666.67,2,1,0,666.6667],[98666.67,2,0,0,666.6667],[99666.67,1,0,0,0],[99833.3359,3,0,0,500],[100500,2,0,0,250],[100833.336,0,0,0,0],[101166.672,1,0,0,250],[101666.672,1,0,0,250],[102000,2,0,0,250],[102333.336,0,0,0,0],[102666.672,3,0,0,0],[103000,0,0,0,0],[103333.336,3,0,0,0],[103666.672,0,0,0,0],[104000,2,1,0,666.6667],[104000,2,0,0,666.6667],[105000,1,1,0,0],[105166.672,3,1,0,500],[105833.336,2,1,0,250],[106166.672,0,1,0,0],[106500,1,1,0,250],[107000,1,1,0,250],[107333.336,2,1,0,250],[107666.672,0,1,0,0],[108000,3,1,0,0],[108333.336,0,1,0,0],[108666.672,3,1,0,0],[109000,0,1,0,0],[109333.336,1,0,0,0],[109583.336,3,0,0,0],[110000,1,0,0,0],[110250,1,0,0,0],[110500,0,0,0,0],[110833.336,2,0,0,0],[111333.336,1,0,0,0],[111583.336,1,0,0,0],[111833.336,3,0,0,0],[112166.672,0,0,0,0],